{"v":"5.6.5","fr":30,"ip":0,"op":60,"w":310,"h":279,"nm":"feet-fnger","ddd":0,"assets":[],"layers":[{"ddd":0,"ind":1,"ty":3,"nm":"Null 1","sr":1,"ks":{"o":{"a":0,"k":0,"ix":11},"r":{"a":0,"k":0,"ix":10},"p":{"a":0,"k":[153,140,0],"ix":2},"a":{"a":0,"k":[0,0,0],"ix":1},"s":{"a":0,"k":[56.00000000000001,56.00000000000001,100],"ix":6}},"ao":0,"ip":0,"op":81.0000032991976,"st":0,"bm":0},{"ddd":0,"ind":2,"ty":4,"nm":"foot-in Outlines","parent":1,"sr":1,"ks":{"o":{"a":0,"k":100,"ix":11},"r":{"a":0,"k":0,"ix":10},"p":{"a":0,"k":[0,74.667,0],"ix":2},"a":{"a":0,"k":[106.596,86.417,0],"ix":1},"s":{"a":0,"k":[100,100,100],"ix":6}},"ao":0,"shapes":[{"ty":"gr","it":[{"ind":0,"ty":"sh","ix":1,"ks":{"a":0,"k":{"i":[[13.107,8.739],[0,0],[0,0],[17.557,0],[0,0],[6.165,-16.44],[0,0],[0,0],[0,-15.754],[-25.922,0],[0,0],[0,0],[0,25.923]],"o":[[0,0],[0,0],[-6.164,-16.44],[0,0],[-17.557,0],[0,0],[0,0],[-13.108,8.739],[0,25.923],[0,0],[0,0],[25.923,0],[0,-15.755]],"v":[[85.412,0.037],[53.768,-21.058],[39.661,-58.682],[0.001,-86.167],[0,-86.167],[-39.66,-58.682],[-53.769,-21.057],[-85.412,0.038],[-106.346,39.154],[-59.334,86.167],[0,86.167],[59.333,86.167],[106.346,39.154]],"c":true},"ix":2},"nm":"Path 1","mn":"ADBE Vector Shape - Group","hd":false},{"ty":"fl","c":{"a":0,"k":[0.26666666666666666,0.2980392156862745,0.3686274509803922,1],"ix":4},"o":{"a":0,"k":100,"ix":5},"r":1,"bm":0,"nm":"Fill 1","mn":"ADBE Vector Graphic - Fill","hd":false},{"ty":"tr","p":{"a":0,"k":[106.596,86.417],"ix":2},"a":{"a":0,"k":[0,0],"ix":1},"s":{"a":0,"k":[100,100],"ix":3},"r":{"a":0,"k":0,"ix":6},"o":{"a":0,"k":100,"ix":7},"sk":{"a":0,"k":0,"ix":4},"sa":{"a":0,"k":0,"ix":5},"nm":"Transform"}],"nm":"Group 1","np":2,"cix":2,"bm":0,"ix":1,"mn":"ADBE Vector Group","hd":false}],"ip":40.0000016292334,"op":70.0000028511584,"st":40.0000016292334,"bm":0},{"ddd":0,"ind":3,"ty":4,"nm":"foot Outlines","parent":1,"sr":1,"ks":{"o":{"a":0,"k":100,"ix":11},"r":{"a":0,"k":0,"ix":10},"p":{"a":0,"k":[-0.001,74.667,0],"ix":2},"a":{"a":0,"k":[166.596,146.417,0],"ix":1},"s":{"a":0,"k":[100,100,100],"ix":6}},"ao":0,"shapes":[{"ty":"gr","it":[{"ind":0,"ty":"sh","ix":1,"ks":{"a":0,"k":{"i":[[29.839,19.892],[0,0],[0,0],[0,0],[17.207,11.925],[20.934,0],[17.207,-11.924],[7.349,-19.602],[0,0],[0,0],[0,-35.862],[-59.007,0],[0,0],[0,0],[0,0],[0,59.007]],"o":[[0,0],[0,0],[0,0],[-7.35,-19.602],[-17.207,-11.926],[-20.934,0],[-17.207,11.924],[0,0],[0,0],[-29.84,19.892],[0,59.007],[0,0],[0,0],[0,0],[59.007,0],[0,-35.862]],"v":[[118.695,-49.886],[118.695,-49.886],[103.155,-60.245],[95.841,-79.749],[58.302,-127.939],[0.001,-146.167],[-58.301,-127.94],[-95.839,-79.75],[-103.153,-60.246],[-118.692,-49.887],[-166.346,39.153],[-59.333,146.166],[0.001,146.166],[0.001,146.167],[59.334,146.167],[166.346,39.154]],"c":true},"ix":2},"nm":"Path 1","mn":"ADBE Vector Shape - Group","hd":false},{"ty":"fl","c":{"a":0,"k":[0.34901960784313724,0.7725490196078432,0.7725490196078432,1],"ix":4},"o":{"a":0,"k":100,"ix":5},"r":1,"bm":0,"nm":"Fill 1","mn":"ADBE Vector Graphic - Fill","hd":false},{"ty":"tr","p":{"a":0,"k":[166.596,146.417],"ix":2},"a":{"a":0,"k":[0,0],"ix":1},"s":{"a":0,"k":[100,100],"ix":3},"r":{"a":0,"k":0,"ix":6},"o":{"a":0,"k":100,"ix":7},"sk":{"a":0,"k":0,"ix":4},"sa":{"a":0,"k":0,"ix":5},"nm":"Transform"}],"nm":"Group 1","np":2,"cix":2,"bm":0,"ix":1,"mn":"ADBE Vector Group","hd":false}],"ip":40.0000016292334,"op":70.0000028511584,"st":40.0000016292334,"bm":0},{"ddd":0,"ind":4,"ty":4,"nm":"finger04 Outlines","parent":1,"sr":1,"ks":{"o":{"a":0,"k":100,"ix":11},"r":{"a":0,"k":0,"ix":10},"p":{"a":0,"k":[189.833,-37.333,0],"ix":2},"a":{"a":0,"k":[66.417,66.417,0],"ix":1},"s":{"a":0,"k":[100,100,100],"ix":6}},"ao":0,"shapes":[{"ty":"gr","it":[{"ind":0,"ty":"sh","ix":1,"ks":{"a":0,"k":{"i":[[-36.543,0],[0,-36.543],[36.543,0],[0,36.543]],"o":[[36.543,0],[0,36.543],[-36.543,0],[0,-36.543]],"v":[[0,-66.167],[66.167,0],[0,66.167],[-66.167,0]],"c":true},"ix":2},"nm":"Path 1","mn":"ADBE Vector Shape - Group","hd":false},{"ty":"fl","c":{"a":0,"k":[0.34901960784313724,0.7725490196078432,0.7725490196078432,1],"ix":4},"o":{"a":0,"k":100,"ix":5},"r":1,"bm":0,"nm":"Fill 1","mn":"ADBE Vector Graphic - Fill","hd":false},{"ty":"tr","p":{"a":0,"k":[66.417,66.417],"ix":2},"a":{"a":0,"k":[0,0],"ix":1},"s":{"a":0,"k":[100,100],"ix":3},"r":{"a":0,"k":0,"ix":6},"o":{"a":0,"k":100,"ix":7},"sk":{"a":0,"k":0,"ix":4},"sa":{"a":0,"k":0,"ix":5},"nm":"Transform"}],"nm":"Group 1","np":2,"cix":2,"bm":0,"ix":1,"mn":"ADBE Vector Group","hd":false}],"ip":30.0000012219251,"op":70.0000028511584,"st":30.0000012219251,"bm":0},{"ddd":0,"ind":5,"ty":4,"nm":"finger03 Outlines","parent":1,"sr":1,"ks":{"o":{"a":0,"k":100,"ix":11},"r":{"a":0,"k":0,"ix":10},"p":{"a":0,"k":[80.999,-152.5,0],"ix":2},"a":{"a":0,"k":[68.584,68.583,0],"ix":1},"s":{"a":0,"k":[100,100,100],"ix":6}},"ao":0,"shapes":[{"ty":"gr","it":[{"ind":0,"ty":"sh","ix":1,"ks":{"a":0,"k":{"i":[[37.679,0],[0,-37.678],[-37.68,0],[0,37.679]],"o":[[-37.68,0],[0,37.679],[37.679,0],[0,-37.679]],"v":[[0.001,-68.333],[-68.333,0],[0.001,68.333],[68.333,0]],"c":true},"ix":2},"nm":"Path 1","mn":"ADBE Vector Shape - Group","hd":false},{"ty":"fl","c":{"a":0,"k":[0.34901960784313724,0.7725490196078432,0.7725490196078432,1],"ix":4},"o":{"a":0,"k":100,"ix":5},"r":1,"bm":0,"nm":"Fill 1","mn":"ADBE Vector Graphic - Fill","hd":false},{"ty":"tr","p":{"a":0,"k":[68.583,68.583],"ix":2},"a":{"a":0,"k":[0,0],"ix":1},"s":{"a":0,"k":[100,100],"ix":3},"r":{"a":0,"k":0,"ix":6},"o":{"a":0,"k":100,"ix":7},"sk":{"a":0,"k":0,"ix":4},"sa":{"a":0,"k":0,"ix":5},"nm":"Transform"}],"nm":"Group 1","np":2,"cix":2,"bm":0,"ix":1,"mn":"ADBE Vector Group","hd":false}],"ip":20.0000008146167,"op":70.0000028511584,"st":20.0000008146167,"bm":0},{"ddd":0,"ind":6,"ty":4,"nm":"finger02 Outlines","parent":1,"sr":1,"ks":{"o":{"a":0,"k":100,"ix":11},"r":{"a":0,"k":0,"ix":10},"p":{"a":0,"k":[-81.011,-152.581,0],"ix":2},"a":{"a":0,"k":[76.334,76.334,0],"ix":1},"s":{"a":0,"k":[100,100,100],"ix":6}},"ao":0,"shapes":[{"ty":"gr","it":[{"ind":0,"ty":"sh","ix":1,"ks":{"a":0,"k":{"i":[[-36.267,10.416],[-10.416,-36.267],[36.267,-10.416],[10.416,36.267]],"o":[[36.268,-10.416],[10.416,36.268],[-36.267,10.416],[-10.416,-36.268]],"v":[[-18.86,-65.668],[65.668,-18.86],[18.86,65.668],[-65.668,18.86]],"c":true},"ix":2},"nm":"Path 1","mn":"ADBE Vector Shape - Group","hd":false},{"ty":"fl","c":{"a":0,"k":[0.34901960784313724,0.7725490196078432,0.7725490196078432,1],"ix":4},"o":{"a":0,"k":100,"ix":5},"r":1,"bm":0,"nm":"Fill 1","mn":"ADBE Vector Graphic - Fill","hd":false},{"ty":"tr","p":{"a":0,"k":[76.334,76.334],"ix":2},"a":{"a":0,"k":[0,0],"ix":1},"s":{"a":0,"k":[100,100],"ix":3},"r":{"a":0,"k":0,"ix":6},"o":{"a":0,"k":100,"ix":7},"sk":{"a":0,"k":0,"ix":4},"sa":{"a":0,"k":0,"ix":5},"nm":"Transform"}],"nm":"Group 1","np":2,"cix":2,"bm":0,"ix":1,"mn":"ADBE Vector Group","hd":false}],"ip":10.0000004073083,"op":70.0000028511585,"st":10.0000004073083,"bm":0},{"ddd":0,"ind":7,"ty":4,"nm":"finger01 Outlines","parent":1,"sr":1,"ks":{"o":{"a":0,"k":100,"ix":11},"r":{"a":0,"k":0,"ix":10},"p":{"a":0,"k":[-189.795,-37.403,0],"ix":2},"a":{"a":0,"k":[73.035,73.035,0],"ix":1},"s":{"a":0,"k":[100,100,100],"ix":6}},"ao":0,"shapes":[{"ty":"gr","it":[{"ind":0,"ty":"sh","ix":1,"ks":{"a":0,"k":{"i":[[-35.556,8.405],[-8.405,-35.557],[35.556,-8.405],[8.405,35.556]],"o":[[35.557,-8.405],[8.405,35.556],[-35.556,8.405],[-8.405,-35.557]],"v":[[-18.509,-64.381],[61.09,-15.218],[11.928,64.381],[-67.671,15.218]],"c":true},"ix":2},"nm":"Path 1","mn":"ADBE Vector Shape - Group","hd":false},{"ty":"mm","mm":4,"nm":"Merge Paths 1","mn":"ADBE Vector Filter - Merge","hd":false},{"ty":"fl","c":{"a":0,"k":[0.34901960784313724,0.7725490196078432,0.7725490196078432,1],"ix":4},"o":{"a":0,"k":100,"ix":5},"r":1,"bm":0,"nm":"Fill 1","mn":"ADBE Vector Graphic - Fill","hd":false},{"ty":"tr","p":{"a":0,"k":[76.326,73.036],"ix":2},"a":{"a":0,"k":[0,0],"ix":1},"s":{"a":0,"k":[100,100],"ix":3},"r":{"a":0,"k":0,"ix":6},"o":{"a":0,"k":100,"ix":7},"sk":{"a":0,"k":0,"ix":4},"sa":{"a":0,"k":0,"ix":5},"nm":"Transform"}],"nm":"Group 1","np":3,"cix":2,"bm":0,"ix":1,"mn":"ADBE Vector Group","hd":false}],"ip":0,"op":70.0000028511585,"st":0,"bm":0}],"markers":[]}